,Video file
1763,001dcfa9-0cac-4b07-9cec-bc70944cd4d3
1764,001f937f-2a43-4df1-a6be-9673410a1924
1765,00515123-4d92-412b-85de-997cd047a2df
1766,006c4a19-6294-4d93-bf1a-2191e4d21594
1767,00ab5b44-ff96-42fc-bc3b-9489fcc5d488
1768,00b25e1b-04fc-406a-822a-745a4a2ccc8d
1769,00b55eda-6725-4e04-a260-4fe9e55f5314
1770,00c7b12f-3cb2-4fa6-8077-9031500661ac
1771,00d7cb9f-e111-424d-8d78-bf4f0d5bb232
1772,0199a246-78cf-43b8-9b11-ee59d95884ec
1773,01a69add-68c3-4898-b08d-950b10f1af3d
1774,01b0cbaa-28ef-436f-b400-4220cbc56659
1775,021bf467-f7b7-4c40-912b-ee8006641c02
1776,026bf4e1-b82c-4920-a237-1b566d2a409c
1777,02a0d381-ff37-4995-a900-98c00950c0d2
1778,02e0e571-c3f5-4a71-aa1d-c73b9498e3a7
1779,032fe1fc-fd11-408d-a482-8e240ce59c4f
1780,03ead357-7b7d-4c68-915d-aa64f983c98c
1781,03f6064f-751c-4cad-886b-69fb4d11c2fa
1782,047779d2-7cdf-4ae6-8a03-657e7ec6525d
1783,0483ce4a-62dd-4f65-8d74-99bead6dfaf9
1784,052189aa-aeeb-444f-b3ac-fa2d4ac37967
1785,05348a1a-c40e-43ee-bf4b-0cdc44b63734
1786,057b8126-e512-48c3-9aec-338c651dec44
1787,0595c37d-0817-4e2d-a889-1ea445bd2961
1788,05bbe6d1-3444-4190-ab61-6603cc7f4afb
1789,05d3386c-d087-4a3b-95af-7a5c65e91939
1790,05d74c06-c84c-4bee-b1ae-196b5ba8c5b4
1791,06141be1-4978-4c9f-a1ba-5a340c0b8635
1792,06aca135-4ddd-49d7-9d08-291f3cd77bce
1793,06aef4e2-7d3d-491f-bedc-9afb59c25e41
1794,06de3f60-7467-49ac-9806-5a165f81fdfe
1795,07a7383b-7068-4424-8271-e7c58c14616b
1796,07eba77a-9988-402c-ad26-1f5a1ba58ea9
1797,085e71b1-996b-4ad2-a0b2-22d4a985879f
1798,089db17d-b798-4767-bf07-2e7d009a9a4c
1799,08ca3c3b-041a-4926-8f15-6be78d1a27dd
1800,08cc6220-6de1-41fe-9864-939b25f21783
1801,08ea8e1f-e5db-4582-b693-9266818e8500
1802,092029ce-b6a5-4c47-9f8c-8716d4350fb8
1803,096fc7d3-3b97-42fb-85fb-140c852354c0
1804,0a168064-208f-4d4d-bfdd-ee3e552f9c47
1805,0a893d62-d05c-48d0-91c6-9c8c181e6422
1806,0a9ea004-fa08-4773-a270-16024d0a3e9c
1807,0aec60bd-84f9-4f55-be84-1f6579b1df6b
1808,0b2583fe-96cd-4837-ac45-f8221aaf9709
1809,0b5cf4bd-18cc-4e5d-9203-142dab5ffcac
1810,0b9e1573-f310-47d1-b8c9-932590746548
1811,0bba0798-73b4-4d19-a58e-dd715f25c297
1812,0c34c146-8bc0-46b6-9e56-b0ec6ab69826
1813,0c61343a-52a3-4f9b-85c3-732637968885
1814,0c809aa4-64f7-4eda-a311-f60ea5a95df8
1815,0ca223b9-85b1-494a-a091-c6a0171bbc46
1816,0ca4e56f-db0b-4ad6-90dc-6cc39bf7e995
1817,0cae5a91-bcab-4dac-af13-d9a52bdd0fec
1818,0cb7cc0e-adc4-4fa5-a49f-44f020fbd3c6
1819,0cb83fa9-7c97-45b0-af11-433dacfe85b8
1820,0ceacbfd-56d0-4754-97ba-3323c80ac4a6
1821,0cf5fa62-e934-4944-a24a-d3ad29b4b1f1
1822,0ddaaf79-d3df-44a9-8141-a790c39ce409
1823,0e552c1c-a6bb-4d11-8f16-547f75d91080
1824,0ec652c6-4f20-40b8-878a-dbc264dbe841
1825,0ee301e5-6032-4111-a17d-2afb95d2fe21
1826,0f8d0452-78f0-4f1b-922c-ffdd56a57a4a
1827,0fd50427-8237-4fe8-b35c-61d9d10e29bb
1828,0ff891e3-c08e-4701-bed1-72f4ee73d9dd
1829,103116f4-fddc-4032-be88-aa54740b94ee
1830,1090df93-e726-43fb-9a9e-f049a18d6c33
1831,10a27f49-0356-4806-843f-90c527974256
1832,10d806b8-cd81-4f58-b31c-95f8d2b292bd
1833,10fc85d6-99eb-4dd6-884f-70cf6c84d8bf
1834,1103c615-2ca8-4eca-9a3c-7247e5683ceb
1835,11df432f-6e22-4110-9f00-c984ea1de003
1836,121a4b37-1ae0-4db7-8dc2-c07d18c8257d
1837,12b16a1e-6eae-419d-90e8-a21536a090c9
1838,12f18bd0-5182-494a-8c26-b46e7be6a1eb
1839,1407bdc4-5cd5-49c6-84bc-e6a56f684f32
1840,1473eedd-fc02-4025-86e5-d7be605d75db
1841,14bdced5-0677-4012-b651-da839dd40313
1842,14d06ef3-16da-411d-80be-80d001f4bc49
1843,1517b8d2-0153-447c-96e8-6c2d98f50290
1844,155b1fef-e8fc-463b-8908-3de2997d094f
1845,15713573-d1cc-480a-905e-39e8d2a1a640
1846,159115b5-f256-4fc0-ae0c-d60b513d1b9e
1847,15bd5095-7ec9-44c6-8ed3-07b4bf306d7a
1848,15c58d2f-ced4-46d4-99d6-d1312fe196bd
1849,15d9aade-27bc-4ae6-bcc6-162033808f1c
1850,1630df50-aed3-4652-a4c3-aadee8a466df
1851,16738cc9-6761-4c81-965f-092da0c22bc2
1852,16b917e2-608a-40a9-b265-e7174767ea55
1853,16c53e15-515b-4ea4-a485-d657b9663965
1854,16fcb913-399f-49ba-92df-d10db6608929
1855,17ebec28-cece-43bb-9206-bfec2c36d606
1856,183473e9-b570-48e2-968f-8164c2292a83
1857,18519890-95f4-4a37-a779-0cad57258dc4
1858,192ee356-af63-4339-882a-a2ff3d9ec6ee
1859,1979fced-4f03-4c54-aae9-09cb60ac5f16
1860,1994f2f7-3211-490b-9ae6-2fc5523ef0d7
1861,19b70245-0218-4018-a622-a3b87f778ffd
1862,19d90756-fe6b-4deb-80b7-1b0a24b47f7c
1863,19dbf16a-9135-40bf-91e0-9197db797947
1864,19f6de9d-a26a-4008-a928-aaf37aa21d35
1865,1a56ed27-3aaa-49f0-840d-43d80ecf46d9
1866,1ae40840-6c95-4fbf-ac43-e69307d37ab8
1867,1aee9ce1-51dc-4582-917f-905502d42835
1868,1b146ffc-aad6-49fa-8897-1b99baef7f85
1869,1b1ed845-396a-4689-a78d-4e270e04eccc
1870,1b45efe2-7fa4-4f89-986a-6657d7d4d810
1871,1bbc8149-45eb-4df0-8dbf-9c0d0ae48e96
1872,1c21952c-7bfc-4d0c-8836-8841705d258c
1873,1c29c984-0188-4005-8ee8-a2bd5cf95626
1874,1d4e77e6-f763-4a7f-b53b-0fe5150824ec
1875,1d76f70a-e7ec-457c-83d6-cc989c2c8c0a
1876,1d970438-1b05-4953-a61f-d0765c255331
1877,1dd5282a-3d1b-4d45-a187-22340a48cb9a
1878,1e78f2df-fffb-4546-9dd0-9459e8da88e1
1879,1e9c3ca2-53dc-467b-b44c-3c8e1f2fb008
1880,1ec1ffc5-73e2-45d9-8902-e0ee3b35854c
1881,1f1baca3-68cd-49b0-870d-d8b6165054eb
1882,1f96afab-eeee-475e-9284-96dd8df0afc8
1883,1fe5df30-e4be-4634-87c2-07ef68b2b804
1884,20631a4e-c9c1-4e9f-aed4-ce27b5f15b36
1885,209f7be8-ac0d-4983-8f3b-c9c8e7a75a50
1886,20c95ece-c8fc-48f0-bf14-5774758cba30
1887,20eb02c3-230e-4f39-bdb5-a4d6ed2c89cf
1888,20f3c680-97c3-44a4-b9cd-665848337652
1889,2101aa13-0efb-49f7-b95c-e796843e56c7
1890,2166be57-32b1-4b26-8f6f-a3acb860f64b
1891,218a1bfb-4991-40e4-a65b-69ba84b69d85
1892,21a193c6-958a-4a2f-acfc-4d42a559bc4f
1893,21cf34af-23b5-4b57-8bd8-71a536726796
1894,21f911ee-aa34-4cb1-af78-fd77de162dec
1895,2296e5ef-7462-4d3e-969f-6cefd1aad79f
1896,22d26d4e-a473-4cc6-83b3-f392130520e4
1897,22d48389-f313-41bc-8d05-9648760f8d55
1898,22d65d54-061f-4e95-9dd1-fb09df5d3782
1899,2301232e-74d3-4e0e-8551-c8dae1adec5a
1900,23380aef-99f6-42f0-991f-c7a7186c20bb
1901,238ccfd3-37b1-4b46-9576-bea625f49d1e
1902,239870ea-3003-418d-ac17-ab19c89d14b6
1903,23a90846-67a4-4dd2-8e46-df67c2a8eae3
1904,23b40475-b80e-4efd-b27b-9f6a92dfbd43
1905,23f443b4-2ba0-4a98-8515-b69bcc521e69
1906,24428a33-7a92-4b7b-bf05-5e85a8d6baf3
1907,24591753-bb82-499e-8df9-2cdca2cf8ca4
1908,2482e154-a7ac-4f34-88b5-636751276884
1909,24a55ef4-cb3d-43fc-b996-b934a93a8fcc
1910,2500a3b4-d6d8-4325-9ae4-412aba73af2d
1911,251aef33-220a-4ba3-8ab4-9efc5dc3d18e
1912,258b334f-cc27-482d-8294-ed734c7eb96c
1913,25c5d412-1040-47cc-be5e-7021086a17dd
1914,2632139e-38b5-4573-a911-c042ff155f48
1915,264230f7-ef1d-4a15-b2bd-0badc708dc26
1916,267c04f2-7b71-4087-ace6-95fca9c6bdc5
1917,26f6269b-c4fc-426b-a7c4-45e08b5a04e4
1918,271c9bcc-b974-4e6e-93d2-9488dc871f06
1919,2724a276-ad8d-497c-997e-30a5fc3fdc5a
1920,2758066a-e563-4c9e-a1dd-a1996558739f
1921,2759e11f-1e61-4b5f-b4e8-eb4b88b90273
1922,27880909-f367-4cf1-9d93-7e9db9119d84
1923,281c2777-1eed-4cba-b5f6-c07ac65bb95d
1924,284a9146-35c5-436a-b578-259b98d4f08a
1925,2890a4fa-07fa-405f-a55b-317d1345f8a6
1926,28aeb1cd-5209-4a23-b100-e5d8bff7490d
1927,292c31f7-1008-4ff5-aedc-d48486e83bc6
1928,2944d70b-e1ca-4c96-a6c7-f070c572c15e
1929,2964f803-e65b-4a07-8331-7e917d2390ff
1930,29b052fa-d916-4a53-b151-3b2b1f5c3cf1
1931,29eb2628-2b20-457c-8fe5-ab7dd66ef1df
1932,2a2e1dc5-f925-412a-a480-30b545d4b304
1933,2a667233-90c3-4dfd-8e26-505200585c25
1934,2a9eec2a-1f1a-48a6-be1c-6efc166f3346
1935,2b5075bd-a2a6-46e6-b690-2808262a97ae
1936,2c1938f9-abea-4ab9-a524-cc3550de6120
1937,2c386965-be87-4e92-9743-fc46a6d86ad1
1938,2c640b6f-cb69-45e0-ac76-ea1c0747c600
1939,2d093842-b351-4622-971b-36cda7533ed4
1940,2dbda09f-da6c-4248-ae7f-ef9276f9ade9
1941,2dc8b774-b809-4844-a255-9adbb72f4716
1942,2e130892-f5ca-41a3-99b1-4bfd2b7f07fd
1943,2f11fcec-50e6-4ea2-9736-a3d25bf4e743
1944,2f12ff60-54f5-4872-a406-b71f82082c07
1945,2f310aaf-7a07-4b5f-9ee6-51dacff4ea21
1946,2f497df2-b578-4d87-8850-8c3e135bf63a
1947,2f6d6163-4823-4851-8423-262fa4ccd199
1948,2fae428a-e26e-4ad5-9f20-d3eb2f91079d
1949,301b28fe-4262-4fa7-a18e-9e10a4b37a13
1950,306f2cbf-343b-4464-9e77-7d11e3d7b6af
1951,30709197-48b4-437a-b580-3ce6fe65a424
1952,30df5498-4bd0-4603-8987-ddc137dddfb3
1953,30fb4019-ead1-4a4a-9c1e-e0ca4504cbc3
1954,31110f01-8cad-4f09-90a9-08732f3d3443
1955,31264b37-fe46-46d9-b25e-fcad0c3d9c0a
1956,3204842e-a571-4ba4-b1d8-1bbc17a014ff
1957,32184d71-eab7-4bb4-aa04-45fb4245bfb5
1958,32212e50-edc8-4598-8260-c17491cd32e4
1959,329229ac-865d-4cd4-a3fa-ab0cec46a6c7
1960,32bb6c39-5018-420b-9fa7-142aa1b907fb
1961,336ce0a2-e184-48dc-a00b-7c5e38d6c957
1962,33776605-56aa-44bd-897c-a5b01450e540
1963,33cf511d-ec3b-4d8f-9093-f475cf13a84f
1964,33df0879-6860-4dfc-87c1-42ecfc791214
1965,340326e1-209e-40e2-a4d4-33fcd6e21bbb
1966,352c7a93-73cf-47b7-bccb-1cf63f3207b3
1967,3564d3a5-d992-4146-92d0-17e73e599f94
1968,3595bee8-4313-4563-ab63-96ec5f8ea46f
1969,35fa3be4-45df-4f79-85eb-2d37f9b3042a
1970,3615fabe-bbd0-43bd-ae53-488d26efe0e3
1971,36323c52-9b8e-4a8e-9bcb-379493fb9c83
1972,3687edb9-dfeb-47bf-a0ee-8c731f1d2059
1973,370106e8-c1d8-4343-ad1b-a3f2203b3818
1974,3764a21f-0ddb-42a7-a044-93e663272c76
1975,37e65fc8-da30-4f8b-bb07-542300af5279
1976,385f34ea-81ce-4b4b-9ad5-9623c6680340
1977,38cc7eda-853a-4205-95ac-c64e89eb96a2
1978,38ee2afa-78a0-4e5c-a062-d605331bbfc1
1979,3923e536-b703-4b58-bc39-95bf8ffe0183
1980,39ce4472-e714-4833-b04b-b95e5b6f8c04
1981,39f8a6b4-ea1f-4862-ab21-cde455423b94
1982,3a3f8c66-7289-4634-8c21-44c23c966fa1
1983,3a40eab4-d68f-4990-958d-849c481cde7a
1984,3aa0ef68-7c5c-4d03-99c6-dd6365370f90
1985,3abee2e0-7a7a-4f19-9095-df520d0893ad
1986,3b7dc8c5-a9a2-451f-9525-13330fe00d9c
1987,3c149c6f-f042-4867-8b96-4710c3e2bc93
1988,3c406664-8a14-45e1-92f5-50ee3a84795e
1989,3c4a79dc-6a6b-4724-b76c-a8ef0113a46e
1990,3c4c5998-1647-4749-ae85-860d1578da89
1991,3ca40112-d6ad-4335-b622-95bbcded3cf2
1992,3d0dc950-4470-4331-a6ac-eb4e619197d1
1993,3d7cc851-720a-4af3-91a2-fff859e85dc3
1994,3dbd362e-e843-4113-a0b5-8b300a952e32
1995,3e3f6148-d375-4d18-aea8-f5b0c62b7eaf
1996,3e97485c-3ff5-44a8-a428-0b5c34eb9797
1997,3eec5135-b945-489b-b996-c3734cd07805
1998,3f538692-ad90-4096-b3c4-7a54f1c3f9c7
1999,3fedf47e-f8cc-44ff-bbcf-8db9355c433f
2000,401cce89-2f06-49ac-af41-f439346826b7
2001,40af52d3-49ff-4f7a-aa50-410ccba1e415
2002,419d6a4e-e09b-4edd-803a-ac6d0e3b52c8
2003,41a3746e-9579-42a2-b410-6a4334e3add5
2004,41e3d38b-fba2-4be3-81f4-ca360cb4aae7
2005,41f114fd-c620-494b-beef-6d294686c4b9
2006,41fdeac6-6f14-44a7-a4dd-926ca97dac96
2007,42db389f-e24c-4e0c-8272-97df41d42242
2008,431e1093-f78f-496d-a3e3-01d0f7f28985
2009,4352407b-0236-4df7-9675-78adff6bc25b
2010,43876f2a-330a-4cb1-bb6a-224f020d8723
2011,43c4807e-457f-48e8-a780-43ee9ecb0cd8
2012,440dfbe7-598f-4682-a1ab-5f34dbbc09ff
2013,4463800d-141e-40d6-9fa4-e299a25738f2
2014,448b06de-a4e3-45ef-b4a6-0d33fdc5facf
2015,44c3e1bf-e267-4e64-8b35-1d7cc526dee7
2016,4572c64e-31bb-4375-8a2b-566f493e849c
2017,459d7fb4-6c93-48ea-9b85-21f9e9433c8e
2018,45e3ba61-9a11-4437-842d-ccf42ed679fd
2019,461d1175-21f1-409e-8456-9052e7e7482c
2020,4653de66-dbe6-4f72-b192-90c29d4e0f9b
2021,46845677-f528-4b58-85b7-9201f7f0d8ae
2022,46f2c899-1332-414f-a51f-799c4d58ee18
2023,46f49a1e-5570-4bf5-a3a6-e015c6e9b9ac
2024,4704cfb5-d889-4f26-a2b0-498f04043597
2025,47710773-b060-4268-b9e7-b59d25150a97
2026,47a3a188-1b49-4c37-873f-160fe486f2fa
2027,47ad3d77-dca1-40a4-95f2-4f5059becfcd
2028,481eb295-a377-4d76-9d21-89d390825186
2029,485305df-5e72-4d5a-a683-19046c84de59
2030,486f3691-bfac-4c04-bbc6-165e2b423cf8
2031,48a49ca7-b518-41a7-b243-d0b0e1b2b4ff
2032,48f91c25-845b-4bbd-b61a-dbcf4df12784
2033,49a0fd92-1179-4536-85c9-bafde35e2914
2034,49bb9c7f-c5de-4057-ad98-f5ce67e62718
2035,4ae1e19c-9ec2-4ac7-b38d-80d6c09f3406
2036,4ba73b7d-cda4-44c2-9905-3ff329aff7af
2037,4bae14ba-e106-4701-a15f-64579350de90
2038,4c274644-50f6-40c4-b460-46b7589ef596
2039,4c27b84d-cd10-47e0-9e3c-b1a628fb49fd
2040,4c59559d-fc43-4fdd-b1ab-fd46048c2a90
2041,4c643ab1-d531-4b0c-b19a-1baab0edb7dd
2042,4cba81e3-07f2-44e5-a553-34d22cbd9fff
2043,4cc26f8c-a64d-41b4-97f9-6bb297bef780
2044,4ccc9340-46d1-43ec-a292-1898122b63d3
2045,4ccce5c6-c2be-4281-ae9c-8a45f505a3da
2046,4d6f3292-fbef-4242-a8b1-39cd71330145
2047,4d78a964-7516-4e66-a7d6-b2bcd5928128
2048,4dd4370b-5c01-4046-9d32-d58c2b0cf214
2049,4de80c62-e2b8-4822-8bcd-bdbd6cac4160
2050,4e1fd5da-8d21-4482-ae34-cbb825c4fd28
2051,4ec7b4db-6169-4894-8d62-b5ec1bdeae1e
2052,4ed40948-8611-43cf-8856-5bd83d90a11b
2053,4f1f66d0-97a7-4f46-b00a-605c83ab7e9b
2054,4ff319ec-df20-4537-838b-5236cf27097d
2055,5019576a-f5d7-4af0-9bd3-40b38a96a1a3
2056,506bde00-a1e4-4217-982a-59f41d20742f
2057,509fb7e9-11d8-4b71-b6d0-021c0b187f17
2058,50df27ca-e259-49f3-8b0a-6c5e9283a9e7
2059,512fa69a-add3-4c53-a5d7-e89bf45fda40
2060,51730165-521a-4cda-992a-f2ffa7351b27
2061,51740d38-923d-421b-a672-18feb80fdb6f
2062,51a2658b-0aca-411e-bf65-96dbb5ca60d3
2063,52c82ecd-8902-4d05-8899-76824c155edf
2064,53425c09-a6ff-4912-bc11-a4227c3a0bdf
2065,53ef5580-32a6-4ac9-958d-094a41518409
2066,543ee79d-8735-4143-83ca-808ad4f4c53e
2067,54409368-d603-4bde-a89b-34eb8da3a82d
2068,54469bc1-cbb6-42f4-8cb2-764824d4afad
2069,544e0ffa-e953-47b2-ad5d-6a333ff7c9a7
2070,547f28f4-beac-4ea4-a4e9-65f236d18b72
2071,54cea7f4-8b77-40d6-a602-fb7197278e28
2072,55090aba-0cda-4380-86a4-d8d6dbed3a34
2073,55cae2ac-ce85-4cdf-b13f-873256f50eb8
2074,562d3db8-bda0-47ea-a67c-cd1df32010af
2075,56f509d6-ead0-4e71-a694-df5c2c3540f3
2076,579640d4-6f01-49a4-978d-c90c95f5cbeb
2077,5838d0a6-5d44-41be-a118-e48bea5416e5
2078,584a8080-861e-4fe6-b2d7-efa1b1150b4a
2079,58e88107-b816-4a94-a24a-6cbddbf91d7e
2080,58f23230-4573-4d49-86da-fbef076a8a1a
2081,59388141-f6e1-4606-8f3c-75de7bdae05a
2082,595be2bc-b452-4ed3-8def-58c478d2b990
2083,5999a463-7f81-48b3-aec5-7cf61c46392a
2084,59f05306-5177-4c10-b83d-00522c410158
2085,5a127a43-ba12-447b-b0d9-ef42118e31b8
2086,5a49df04-908f-4158-87f8-562786132e4d
2087,5ab4b11f-622f-4837-9cf7-73d8d96e0864
2088,5b0a7cd5-5362-448f-acea-92cac2386aae
2089,5b18848f-5cbc-4cae-9004-b0f91edf1940
2090,5b8363a6-739f-42f2-a9b8-c1284616f445
2091,5be30e60-b286-4132-868d-ecf3bd42f489
2092,5c847f20-de42-4a05-baa4-2344aa27ed80
2093,5cb9a7fd-0aca-4e4b-ad16-287735ea8164
2094,5d03f371-a326-48d4-b9f3-f782d1df1cea
2095,5d10b061-68c9-49b0-b776-445226ca0499
2096,5d6a2c68-1b3e-42b4-a72d-73132e067b22
2097,5dbf8808-8a30-4a93-97bc-70372a2c66e5
2098,5e41e322-551b-4295-9d39-4fee360266ca
2099,5e671720-1d1f-4969-a665-12914cfbb548
2100,5ec94f38-668a-4ae8-a4ac-1874cf5bf201
2101,5f0deefa-dee2-4c82-9a44-f881ce9f74ac
2102,5f135214-b0ad-4cad-bde0-a30637ec7c7f
2103,5f33a571-08e8-427f-9b0c-e70da407b8d4
2104,5f7913bf-0c63-4897-88d4-56fc98fb57be
2105,60aaf763-7b01-435d-b075-3a142a383334
2106,60f4e5ee-dc99-48ad-988b-7f87654340fe
2107,61363f96-960a-4362-b6b8-2053279a1633
2108,614e2b9a-cb25-4f29-b12b-9e4dc32125fe
2109,616bcbb4-00b2-4f28-bd97-6e64cd9eb6e5
2110,619e02c9-03a5-4162-a3a9-7fb38d26c0bb
2111,61d380eb-88a9-4e80-be26-8f2bb6afee62
2112,61dada92-0a66-40e3-9acb-fc50831a18f2
2113,620c7099-a71c-4c57-8e28-0c373858d18c
2114,62599bc1-eebe-496c-bd81-3d582cbb6aaf
2115,6271374b-485c-458f-8215-11618c0befe6
2116,62b0ed2f-bff7-4649-a287-8016f332cc81
2117,62e2b356-ce05-4d35-8113-c1afb28f76a9
2118,638fca1c-842b-40c5-9f90-1388378d01f0
2119,648d2501-e3a3-416f-a2f8-64da94fbaacd
2120,6562e628-52d4-45a0-8feb-39045a825ca4
2121,6570c0fd-6992-4af1-9183-3747ae199537
2122,6593afa1-c0d5-4d5a-99d2-95e70f327061
2123,666c2267-79b0-4227-abe4-add3ae994380
2124,6696fff3-14e7-4cad-961e-3eef990b5cdc
2125,66d51c0d-2c08-4140-a9b4-94a2a7c15c63
2126,66f7ae10-730b-4d3d-931e-73285d65ef5f
2127,66fedc13-fb2e-4d16-8d7c-75c34ba04367
2128,673ac606-e27c-436f-b7de-39de1f04ed85
2129,67ba897e-e70d-49c1-8225-759505a9261f
2130,67ded5d7-0b62-4b71-862d-1ad064d98460
2131,67f302ff-2d44-4172-a93c-517269d5b945
2132,68008074-4cae-46ea-a941-d9584a7d6589
2133,6814bc23-3930-4073-83dd-593e93828603
2134,681b78f4-833f-41e1-a96b-42afa25c5ecb
2135,6842420c-2545-40e7-ae50-11e6adc2fa94
2136,68812954-7d0c-44de-b124-44c793f2502b
2137,689534cc-9442-4edf-9022-453d90e867fc
2138,689756d6-31de-467c-8831-05b3b4a42b3a
2139,689c18e4-1049-4ecd-9836-59ac18e01c94
2140,68b13eae-edf3-4288-abdf-9bb356f8e5e5
2141,68fee78e-2ce6-4d5e-822f-3f7b0f8f4d20
2142,693eb9d4-8ff6-4a50-9168-22df3a83dc5e
2143,698f2da9-3361-4586-9bb5-f71f6cb68e97
2144,69daf8be-9487-435d-817a-81e5af723a50
2145,6a85848d-33aa-4fe1-954f-ef34ad43594d
2146,6a9a249e-7bea-4b3b-b281-a0b23902a6c2
2147,6ae7ee5c-e65e-47b1-a803-ecc3dfafa72a
2148,6aee3b2d-1cb0-4544-8796-c38570d6302f
2149,6b93a378-a445-48dd-9184-65ab13684ce2
2150,6b976b78-58d1-41de-a1c8-22b4dd93a31c
2151,6c77ec92-80c8-4d5d-8b4d-7b417c901b03
2152,6d751d12-fa82-4e07-a894-0a318ff4c146
2153,6da91697-5d9a-4277-9029-4266cbd4994d
2154,6dd09789-dc19-4091-820d-007c9fef5e37
2155,6de23996-c40d-4da1-a11e-141ce8218fe2
2156,6dfb62d8-d1b9-4dc1-b942-487838ef4423
2157,6f153e8a-e731-4cf9-94da-21ac4c5534ab
2158,6ff4b534-a568-45c1-9e76-66f1ed638f78
2159,6ff5aa67-92b0-4db8-9db6-fe85fc6d7632
2160,700c4a39-b552-460d-8194-adee38be18a2
2161,701a1b16-d809-4d43-902a-d765ac591443
2162,701c9911-35eb-48be-b83a-9458cc254869
2163,702d4391-1d96-464f-b99b-2117679bdaa1
2164,7060c6d6-628b-431e-9485-c74de41d0f19
2165,71116a9d-f383-4b31-971f-c1222d37bde7
2166,71cbbc93-5b90-425c-9218-8d0893666003
2167,72683e7b-e54f-49b0-97f3-8bd7ea039b23
2168,727d7c08-047b-4bf5-bce5-7f0eb6488201
2169,732006fc-5e36-406c-a421-9c82c4a64a29
2170,73228ef6-716a-469b-a067-ae29c7dbd17b
2171,732431b6-10d5-4b33-bd95-a6a4b929a83d
2172,73319580-7659-4cb1-bc99-3f8cc274a766
2173,7409f9d4-bc14-4f73-b69c-85ef04b5ff14
2174,741533eb-a115-4bf7-95f1-9e19510b0b39
2175,742d38b0-99db-4048-b67d-f14d59ce3cb1
2176,743662d9-eb59-4d07-915b-0eb2841e946b
2177,744b626e-3216-40e1-86d4-d7ea11cb750b
2178,747c36fa-b6f0-4920-bf98-5d985f9f2732
2179,74d7629f-6845-4356-aae2-dbcfef6c1de3
2180,74e05ff4-f3b9-426f-80dc-314736e34956
2181,74e5babd-88d5-4f0b-95d2-2d5a13a60315
2182,75498271-4808-458c-9477-10bdc7ccc8b7
2183,75882a11-6452-4f30-92d5-7ab32e5250d0
2184,75923e83-0839-4beb-8ea3-ccc4d0135aa4
2185,75ae5051-9625-4447-bb60-a8d373114a0b
2186,77350309-7fdf-4680-aa75-f70bcfd8de3f
2187,77389e8d-8993-4ae3-bdfb-fcf65f5a662c
2188,774bd660-bdb3-477b-9ff8-d2b19bb747dd
2189,77fff6f7-5a0d-44d3-bf72-581492b71bc0
2190,780dce91-f916-4c38-b46a-8341c32f57ca
2191,7811ec45-b9a6-4a08-a663-7f3ddc9b5241
2192,784baa05-c4ad-44ea-8e57-79926c48104a
2193,790a6132-83e3-4551-8110-1dd280865284
2194,793453c7-8a77-4685-bd67-4b4fdb9d8830
2195,79a383bf-33d0-4ae5-98c5-7cde8995b23d
2196,7a1017a2-97f1-415b-88e4-30af08d41617
2197,7a7b69f5-f10a-4341-b618-a81455f5a816
2198,7a861823-2249-41b3-ae7d-0b91177a2de0
2199,7ab5649f-5a6a-42b4-b9d3-b6d372067eb0
2200,7ad19733-ef05-442c-a82a-5890274092a3
2201,7aebd915-5229-4411-be6f-7a6f625c8556
2202,7b1d4a87-b777-4f54-9b1a-6c8f19b8060d
2203,7b252c17-0019-42cb-9bee-97a0584e29ec
2204,7b76eda3-a2c2-4d78-9e1c-84b22a01fb82
2205,7bc76d65-a805-4189-9152-bec71dcc6329
2206,7beda79f-f527-41b3-93b5-ede401ac93a2
2207,7bfc5675-6795-49d2-9b70-de107737f82c
2208,7bfcfec7-5567-4803-8ca8-5769f667d39e
2209,7c62e696-e09a-42fa-9800-d4d93b54d71c
2210,7cc3ee96-b198-4553-ac3e-13b5846147df
2211,7d7ffe3d-b0f2-4165-841e-1942f543c385
2212,7dace8f5-00da-47e4-bd6f-649aaba05187
2213,7e07f870-f03b-4b23-a22f-00631a357426
2214,7e0c7abf-3e2b-404f-9be2-d52814c0c4a0
2215,7e3066d3-c15f-47aa-9f7f-1fa45f466de3
2216,7edd9fbd-48ac-4d1e-a7e3-5587e25b6f9a
2217,7f785b6b-2f01-4ba4-94ce-49b0ecea0bd1
2218,7f7f0983-0e65-43fb-98e2-21dcdee72723
2219,7fa4bbc0-70b3-49b0-b1f9-949510fe81cd
2220,7fc43662-e821-4d37-9e63-b8f388977e5a
2221,8002ad2d-c594-4f38-b4b5-157ba436fbc0
2222,800ae981-d58b-47c2-a320-4f306f4f2438
2223,8017f757-99fe-431f-9f33-a234b6b28ff0
2224,8057ffda-57c0-408c-b996-4c9073bd0408
2225,8070953e-09a2-4c32-88b5-d2374757f317
2226,80cdc7ab-3a8e-484c-895e-5b52ff669d08
2227,810bfbdc-592e-47c0-a128-f202a01fafe6
2228,81cb77bb-01db-49a5-93c0-302978031e50
2229,81e8a9ae-fdb2-42dc-bc90-b55b0671069b
2230,82034b72-78a3-4848-8036-e2b24aee5253
2231,82264eb2-4a7e-4731-a5ed-36192954dc4a
2232,827bc001-a8ca-4cf5-b10e-24a975ad6337
2233,82941ddb-f1b0-4ef7-a29e-705920938f6b
2234,8335086e-a30c-4324-bd71-b44ef36f5e3f
2235,83768c6c-c609-4891-8217-0e6c83dd1dce
2236,837a9e3b-32af-45e3-93d3-b4fe62767986
2237,839445f9-8d82-46db-a409-7820431c7dfc
2238,83a905e6-8e13-4726-a702-b6660069bd5a
2239,83bcbc9b-9f14-4260-8e8c-04a42937cee9
2240,842390b9-ad9f-473a-8f98-a47f845b3846
2241,846cc93c-2147-44d9-ac05-1828f27cd693
2242,848ebec5-b529-40c4-8f01-e078c7e55d47
2243,84b2561b-cd33-44b9-bf54-ea2bebbaf2f4
2244,84c259be-812c-4cf1-a59f-736f4ff2a2a6
2245,8593f387-9d99-44b8-a638-7fb36713f267
2246,85aaa783-48ca-4bbb-a08a-4e1e862b2e9e
2247,85cd144a-e6f2-40f1-a1a8-b7f486fd9a2e
2248,85ff6d0f-4b3c-4ed0-b78e-d1b3cfc701a0
2249,867ba6c3-5112-40c3-a747-46d01171d330
2250,86a77116-57af-4560-90e4-44f6ab099876
2251,8706f3b6-c0c2-4fd2-8d4b-c4fd41720205
2252,87199a47-533b-4b86-b937-2c68045c1006
2253,871a500d-d223-4957-b4ad-d2ae22210ce2
2254,8737a1d5-dec6-4ba4-a97b-532b8733def8
2255,87774564-6b67-478a-b06d-67be8c877250
2256,879a4eea-0970-4b19-a5b4-85916da3acdb
2257,87c8d747-9037-4e1d-9e3b-29a15275c47d
2258,87c9e1eb-af3d-48af-8815-18c65debe372
2259,87cfcb37-5fe7-4c51-8dff-82e6e2efe60e
2260,87d68d70-cb2e-4d69-a04b-fd3078d19f74
2261,88b2da5c-3084-4a72-b009-90169db0b5e6
2262,88c1915f-fce0-4c44-9745-a2fac2a3e04a
2263,88c64008-0ef2-495a-8b73-661ad92ea9e4
2264,8900b87b-9d7f-42f0-995a-343091bc2f09
2265,8918fcd9-7a7f-46c8-a0c9-89d435bac018
2266,89d18c4c-fe37-43c6-9dfa-b534919bd6e3
2267,89f3cc01-9eec-44ad-badb-9f6891671126
2268,8a69496d-37b9-4400-af9e-8c5a8cb53034
2269,8ab54937-db04-449f-a9ad-91f7f5166f12
2270,8ad6979e-7134-455a-90a8-f2defc6b2036
2271,8ade050d-287e-4da9-bbbc-69c49e362655
2272,8b2130af-cf7d-401a-afc7-739e14492d3a
2273,8b3a9619-4e00-444e-ac9a-e5a2e3d50041
2274,8ba8480f-21e0-4f0b-9ff8-6ba810f5be29
2275,8bc0e065-2c26-4ec0-abdc-c0e03c05d872
2276,8bd4f04f-bc91-4fe7-9aa9-9b6f177b37c6
2277,8bdb67ef-fa4b-4726-a6dc-d4aa6d9be6d4
2278,8c33a491-979e-4c09-9850-4d552cfd48c7
2279,8c349c1a-78c1-436a-b559-6f05d939639c
2280,8c652a40-277a-4037-adee-584d567c31a5
2281,8cb5cdd5-dbfc-4b20-b986-5e03bea044d7
2282,8cd8e09d-b6cf-4ccb-8223-5885b97c70bc
2283,8ce2d9d7-224c-4b21-b675-1d260002f024
2284,8ce70187-10d9-404f-a2f4-a335ff86e616
2285,8e09e5d6-a209-4306-aaa4-123c7a2f2a14
2286,8e1d84f7-9c4a-4e4a-8d3e-cb2420fac2ad
2287,8e20c7af-a71c-4462-a5ea-9aeada34d67c
2288,8e3d0f61-a711-4fcb-8457-800ca66d85ef
2289,8e44254f-7cfc-41c7-ba54-16cb2e27ba74
2290,8e749cf1-e99f-45f4-a8c0-e64d0a6ab0f0
2291,8e7cbb11-4c0d-4739-8438-00c00a376bee
2292,8ef87376-7dd9-4651-9bfc-e337d6a9f06a
2293,8f0e1659-9441-4f6a-ba63-d9fbb4ac5b50
2294,8f3ea92e-e059-406a-b03f-4a6c59b16ec0
2295,8f928182-cfa4-4215-ba66-76943a42b784
2296,8fb14876-6282-4190-b62b-e2d3cb89b933
2297,902c29c7-bbb1-4759-b510-d48bf90c4dfa
2298,9151e089-5cbd-4a75-87f0-c4f6f8b1a0c6
2299,91a9738c-7a61-4ca7-876b-e9600ca0afbf
2300,9241a8c6-981d-45f3-a45b-65234d8ab2b6
2301,9337b7f4-0b55-4b28-b0b8-4519928c7d77
2302,942c031a-8d09-47ab-a578-ec648ff7d72a
2303,9445ad22-6d7e-43cc-8b75-7f5553c4fb8e
2304,944add44-2c21-4ce1-9185-cc860a2ddca0
2305,945e0fa7-8f5b-4a37-ba45-54e96baa8e61
2306,947db326-03af-4f76-bdc0-072415a67570
2307,94a49b83-7996-47b3-a2da-9adec5800631
2308,94e9929c-70d6-421a-ac05-a2a51dc18c1a
2309,95496df7-2a78-4ee1-a215-cf259c0f6b43
2310,958eca28-0ca9-405c-8c78-cf852825d8b9
2311,95bc6c57-5881-4b43-a8be-6eff29907033
2312,965fd784-b4d1-44cd-9d19-799d34e7957d
2313,966655b0-6737-4101-85f8-9fe51e5fd6dd
2314,967021a8-f5f8-4bda-861b-8d22680cac68
2315,968cb8bc-e3a9-4a29-bb3a-e9c0eb7d5280
2316,96a74750-6dc0-4bfa-b4b4-8bf3a07789e7
2317,96f561c9-9a5d-40d0-abf9-b6d1f6cb4717
2318,970b9632-9963-49bf-8f98-6bae1850c3f2
2319,972433c0-e56c-478a-8ee6-65e5d5d6c8fd
2320,972f0cfd-fdda-43ae-b577-47fbd371a7c8
2321,977288cd-b608-47a1-9bd1-3cc9a5773072
2322,9793eed7-28f2-40c4-a727-507b411e98c3
2323,97ab7e53-c5d9-40c2-8607-3889cf8abe24
2324,985300d4-9bbc-481a-9892-f6376653b71f
2325,98665b16-d262-443e-a71d-4974f322b394
2326,98741d15-b680-43d7-867c-a0acaaaf918d
2327,987a7489-316e-413e-ac5c-b59e7e543587
2328,996b224d-8064-4ad4-9454-ae005a5945a4
2329,997c8304-5582-4e58-a5ce-885fd4e023ef
2330,99a0873a-f97f-4ee2-9138-08e181f06bb8
2331,99a4a97f-adc4-462f-be8b-a30826c6c7c4
2332,99d76f8a-a5e3-4906-a254-eff01d7f26ed
2333,99ff2c75-39ee-4c11-b844-a1916107deff
2334,9a0fa1b4-602e-4b49-ba7a-97638398c471
2335,9a494eb0-451e-49ef-ab07-b16943958092
2336,9a58b580-ff6f-42e3-9b6f-c70df5a1a562
2337,9acd595c-e8e0-422b-a644-409439ebb01b
2338,9b4de5f4-3b99-486b-89a7-878f088ab2bd
2339,9b8223b1-7a34-4059-a122-65dc4fce1793
2340,9baeb6b6-e923-422b-b2f0-f630be73acc2
2341,9bc6995d-f15a-4eb7-b272-c0b696827774
2342,9c279129-4859-4dcb-be49-f493a9cf5bb5
2343,9c4b6c85-7017-4b8c-a83b-fa6da45e9dbd
2344,9c83d6f9-796a-4b83-a8db-e39939ed1502
2345,9c98e43a-1ac7-427b-9d07-716c994a5575
2346,9cc15a70-b5b3-443d-bf51-e88b68e87ddd
2347,9d5721eb-0f1a-41cb-abbe-56bce6651f29
2348,9dbecd6a-2f1b-43ce-bf69-bcb16fe41a5f
2349,9dd151bd-ab89-49fb-ac35-4a73f563c421
2350,9eaa876d-e21f-4965-b937-001210013633
2351,9fa52ebf-8296-4fb5-b784-7b36b4d273b3
2352,9fce12d3-11b7-4e66-81b9-a6dede5af957
2353,9fd19d31-3c83-4ad8-af17-c4025e9bd699
2354,a0aff23f-c5d7-49c0-8c31-6bc9834b8719
2355,a0b3d420-564f-4bca-9569-eb0c93488535
2356,a0df985e-723c-4d50-b99b-2cdd619516cd
2357,a0f2601a-8a62-416a-ab8e-9246e1a4e123
2358,a195fe1a-ee28-476b-8c4c-fa5a6bc41af0
2359,a1a22347-85ee-4bbc-9083-cbe6195d155f
2360,a1b79ef1-11c0-440c-a6cd-0258a657fe4b
2361,a1bf9445-5940-4dd8-a74c-ae1814472d50
2362,a2c61878-fc17-4393-bdd2-6d87fef4f244
2363,a3548116-6770-4690-8cb4-ab520780b96a
2364,a3a89e2e-6b45-43ac-a815-d77be6d9183a
2365,a3c8af37-0968-494e-b277-7ccdbd3426f2
2366,a4545a62-58b4-4290-bd03-e57474046aec
2367,a45f94db-2286-4cfd-8581-186a6df777fb
2368,a4b9d94c-4b02-49a7-959e-890f450997d4
2369,a58d94dd-e098-423b-be9d-7a2ffa788f37
2370,a5ffc33f-be13-4918-ab90-bc92d432d3a5
2371,a65b153c-3d7f-4a37-9faf-7bec457626b3
2372,a6b4c06b-bfb3-4fdd-98ef-5e164b181f1d
2373,a6bdd3e6-242f-4a42-ba75-f944186ddaed
2374,a74aebfd-c7ce-483f-b5f3-e997fd0f427d
2375,a77119d1-65d4-4a2b-9a04-65ff9d9e55d8
2376,a79a76f4-b7db-42e8-85f7-6a2b60ac233a
2377,a7cefb3f-6c51-4371-8b47-bff8940d95bd
2378,a7ffc16c-b183-4a2e-906d-982bcb3466c5
2379,a8267d6b-1ef1-4a7f-a526-5b6c71db61db
2380,a8366b6b-ea5f-4ac6-9a02-2934eef890af
2381,a84dcce1-e986-42ff-9d0b-27e2b76a90a9
2382,a889b814-29f6-40ca-b025-e39b36e900ac
2383,a89f9bb4-7ade-49cf-91aa-31eb2d218226
2384,a8a6f989-40a7-451c-95da-581caa937a17
2385,a91c073d-284f-4dd8-92aa-808aeb628b9c
2386,a923a8c0-fe41-49f1-b95e-86a7db347247
2387,a966dfbd-e8f1-4000-be0d-036d5743b94e
2388,a991fa19-8d0a-4be6-904c-1760db4260ba
2389,aa211783-c52a-4311-b483-3114fc764532
2390,aa41a5a6-314d-4332-ac3c-77f646fe886e
2391,aaaa9339-6864-45af-ac0b-41ab848a8d1c
2392,aad20723-daa3-4856-93e9-e32ff435581f
2393,ab88a108-5cbf-4a07-81f4-2c7c8cd1d9d6
2394,abde14d1-506d-4769-ba3b-2aa8556d0107
2395,ac088f64-b711-4f39-a520-1d87368d6621
2396,ac72646e-162c-4fb7-8d4d-78201cce50d9
2397,acfa9ae5-abc6-4b9e-a86a-21efbc07c15a
2398,ad4967bc-07a4-485c-9da6-233df304238f
2399,ad5355a2-e025-4847-a983-e11ce19d2bb0
2400,ad817d85-a02a-4cf6-a92d-63af1d058a2d
2401,ad822720-8811-4683-ad9c-35fe8636e519
2402,ad890f20-0b80-4c08-a60c-a67da057becd
2403,ada05ddf-b78b-4fc7-8391-5107889d4a7d
2404,ada344d6-142f-4eb9-a72d-823dad100eb4
2405,add54433-71ca-464b-ac9f-5c995bfa7cad
2406,adf14d7e-4447-4ec6-9a5f-0bd70b643fc2
2407,ae5fa507-0c94-4eae-b892-71617d6dcdd0
2408,ae6b1b52-4073-49fe-b212-b8627b841dfd
2409,ae81b9a3-48c7-4481-bf5a-7df4464543cf
2410,aef80498-d2b2-4862-a1b2-7ae7e74047a1
2411,af640152-8a3a-4efd-819e-c406cc35bb0e
2412,afa4bc76-d3a4-41fd-881e-bcea92c2a57a
2413,b01c49d3-1b0d-4762-a9c5-58f9493a3e66
2414,b0b44eda-a9db-48fd-ab65-57199d1b13a8
2415,b0f8355e-d4da-414b-bf02-f5bd6892e894
2416,b1395c60-1f4c-46cc-80ef-02ada839dc24
2417,b146c2b0-0e61-4802-9622-c47027665a14
2418,b184caa9-8eab-48dc-9da6-083da4202b37
2419,b1ed5fc6-ab9d-420c-8c21-1d654fd6f362
2420,b2278c8f-30dd-4cc1-a0a2-bf8c8e29cd0c
2421,b27e6361-5514-43dc-a6d5-454cd9a8c341
2422,b29fa3be-19d4-40ef-a575-dda0b2abfc5b
2423,b2add441-d34a-4f95-9e7b-e60c77c5eff3
2424,b33e36d5-cbca-4d4f-b7c2-76cbec746d2c
2425,b34f02b8-4c8a-450c-8d39-13098e0e7f1a
2426,b3adec26-e016-4992-9cbd-14fc87c54239
2427,b3ee5130-6a79-41da-93c1-378596774f58
2428,b41dc6bc-2926-4c54-964b-2563eab6b68c
2429,b42073e6-1a0b-4bda-b2da-a5badd96066d
2430,b42935a6-4091-43ab-b554-6811e7aa3310
2431,b435024b-025c-4fe8-8a1f-0b8f2be4280e
2432,b47bc037-4530-432c-afcc-af11b2ee03ca
2433,b4ee73a9-f254-4c13-997c-ecbc4f6dea1c
2434,b5f805df-53bb-4e2e-bd4c-163afe67a616
2435,b5ffef4f-a74d-4da1-8249-44a85979ef6c
2436,b6816105-c268-4f1b-a475-6ff85397fc01
2437,b78c6839-b39a-41e4-a4fb-57a904c899b9
2438,b7ddd4f4-c1b8-4929-83a4-b05353919abf
2439,b7f2ad93-34c1-4721-a58a-71dc5d4bab6d
2440,b7fa1b2a-d91b-4ed1-b9a8-375036575355
2441,b85bfe28-88f4-4195-a618-39a5a3df2732
2442,b86d72db-ecd8-4299-8ac7-3c9f2a8c0681
2443,b8ab8bd9-1db1-45d5-aa96-835464f5f310
2444,b92f3f6e-f9c0-4116-a9fd-7049bf62a284
2445,b9339c6a-a019-409f-97f4-e6a7bf46b20a
2446,b9824eb0-c9e1-4650-9dc0-cb180758d967
2447,b9c3bada-de49-4c19-96d9-ea67fd014fb2
2448,ba06ba75-eaf4-433a-9755-81f7f06e4dff
2449,ba0b8482-2721-4972-9767-579058164541
2450,ba13fb43-df81-4914-93f7-405c782acf5a
2451,ba1ede34-a120-4a7f-b4b8-36c66cf6fcf4
2452,ba4b99cc-94df-4e3f-aef5-afa412497f01
2453,ba4d383e-905f-451a-8f6b-ba64307de819
2454,baac096d-72bc-40cf-8d91-4273b4b5780e
2455,bb8f6d0c-bd11-4f96-b207-9876260eb3ec
2456,bba6fb51-b119-40e1-9df2-2e55da081dde
2457,bbf53844-c377-4836-8653-1ea86d094252
2458,bc377a38-01a9-4892-8ac7-2bbca39d341b
2459,bc512311-1b0c-4892-8f46-80506998a818
2460,bc59d381-cc22-424d-bce5-12275fc4a0e1
2461,bc94354a-6262-4776-82e6-ff9cd3924b5b
2462,bc9540c4-c13e-4983-ae2f-a2e10721367c
2463,bcc0bfd2-79a6-4202-befd-31220f46c399
2464,bd73c583-ee2f-4a8d-aeb8-b031d7a64d4a
2465,bd775b19-fa4d-4bf3-bc42-1c79b8ad67ff
2466,bdb0308d-ba37-4a7d-a83d-7e6931207a0a
2467,bdb24c6d-bbab-4b73-ac55-8197ccf195bb
2468,be3bb224-e32a-465c-9750-8938e53f32de
2469,be49b2a3-166e-41dc-8ef7-68f424308bfc
2470,be5fd0ec-bcad-4570-8c35-781437e7d485
2471,bed1bff2-5dc6-4b80-a601-111dea58ae13
2472,bf999ede-66e8-4870-90e4-3dec69a13410
2473,bf9a9cef-9e5d-4fd9-9789-ba96ac63796e
2474,bfc25d88-d2e7-405f-944d-fceb7fad6da3
2475,c02dc9c7-99c5-4ebb-9894-8b425964311f
2476,c13d100e-844b-487d-85ed-a880db143571
2477,c1408fe5-5cfa-435b-a760-1eb671be77b9
2478,c171f803-7347-4d1e-8e13-19ecfb8594b1
2479,c17927c9-c446-4649-b171-49f247ee41ce
2480,c2286958-bd65-4afa-be54-cac5ed41162b
2481,c247aea4-9fee-4c21-ab40-719e1b6e6fb1
2482,c29a2b4a-f68c-46bc-8ac6-abd5fcf75c6b
2483,c2a486e8-4430-49c8-8621-feea4cfe5579
2484,c2cd0654-cfb5-4a58-85d8-ff9a9dfca589
2485,c2d6af14-0d17-40ca-b3eb-4f245375f12c
2486,c2e95125-5a5a-44d5-bcdf-6fb620fdc5ca
2487,c2ed5425-6a2b-4ba2-92d8-be05c7657583
2488,c3706d74-ea28-4173-a356-617cc639882b
2489,c3b37e98-297c-4d61-afd6-fb83b432ffb7
2490,c3c3fa51-a719-4a07-a600-a65fbf2ab3a2
2491,c40687b9-0f74-47bf-891d-2e4d44f97a93
2492,c407e19d-b77e-498a-a0e0-777c4a83228c
2493,c495d601-42bc-496b-a185-ccb417a43100
2494,c4d99a06-afc1-44f6-84c1-3730d147a30b
2495,c59da4cf-0da5-44db-9be7-ab4c32843307
2496,c5c79bf8-15e9-426a-a8c5-2819a63ad83e
2497,c610eb3a-9ec0-4eac-bc99-eee2dafb22f0
2498,c691e001-391e-4cad-ba4d-6f553cd4e9cb
2499,c6b2abf5-f03d-43ce-8f6d-01d5519951e9
2500,c6bfa70a-67b1-43d8-ad8c-9e1502471426
2501,c6f7a570-6e21-4c1b-bae3-ff3b4d3da920
2502,c6f9b506-bdbb-4914-bb14-8c12cb09943e
2503,c726cad5-a824-4921-b567-2962eda9e61a
2504,c7aae4a4-2c69-4377-9742-7c4f1366bfe0
2505,c7eb86b7-1b60-4d9c-8fde-05631775d5e5
2506,c818495c-a029-466b-bdbe-67d3ded87ae2
2507,c855a073-d11d-4ddd-8f45-de0d8ef060d5
2508,c86bbc28-280d-437f-8e7d-136b80fe1cb4
2509,c8c01879-a17a-4abd-88fa-0e9d60cb24e6
2510,c8c4e88b-ecc6-4893-9fcd-1c9da8ce4699
2511,c8e4d9a4-9eec-42d2-922c-7a5b461d95aa
2512,c8f1108b-4012-4e04-a991-8d27075bc9cc
2513,c9a7fe48-37fb-438a-a67c-04ebdcb50d0b
2514,ca647a99-2723-4705-acf8-17cbf99aa555
2515,ca784e38-32a0-4cb3-a112-a3b4e39a5a1f
2516,caa95d3f-e083-42b1-a9db-a03d37da9066
2517,cac19868-5f00-4be3-a072-2c5e1b88a168
2518,cb3626ac-2aee-4d9b-8ea2-768b6bcca097
2519,cb6329df-d9c7-4cfc-b2a2-08937082965b
2520,cc7bcf85-e2e8-4f3d-b9cd-c98ae55e2132
2521,ccab8460-8b9c-4377-a85c-897eba163717
2522,cd5e1702-4867-410b-8bcc-287e93a9cd4c
2523,cd82d2e8-03a0-4612-b27a-b58f72ad91f4
2524,ce85f289-ace5-4b0b-825c-9c2ae66ceee1
2525,cedb950b-325a-4c91-8a13-247c260e4163
2526,cf00ee19-2d32-48f9-b18f-093d387a054f
2527,cf245823-6805-4fdf-847c-4ccf2da76fdf
2528,d007b9aa-db52-4e40-a5e2-af47d102e563
2529,d04a62b2-9095-4162-9ae9-71e14eae2fff
2530,d0957535-a8fb-482a-ab1f-c9bc4688e100
2531,d0cf302e-94cb-4d56-b0f6-ceda5f2e0134
2532,d105d052-b928-4731-99e7-24912c9527a7
2533,d15acf31-95a9-4e9b-83d3-368ef94fda5e
2534,d189b723-95ec-42fe-97a1-c4e2e5f0e5fe
2535,d19e20a8-a7b4-4b70-a6a8-da8f86995bc4
2536,d19ef50b-e540-434c-9d75-8b6ac0cf4641
2537,d1a9a827-42f6-4277-9a11-70f363bc4246
2538,d1e8796e-dc56-4e36-9272-179d09def04c
2539,d21d3a03-302f-49f4-95e1-e5f01f60abcd
2540,d222972c-f6c0-413c-82e1-7f83c06fe2d7
2541,d2ee565d-064d-4e74-963f-120fccc81cb5
2542,d32aa8c7-0809-4dff-a99f-26518f45960d
2543,d3731ea8-99a9-417a-8336-3bb85d13af53
2544,d3793f24-28a5-4abd-ab63-8da6c3c13c70
2545,d4030d94-4b70-4168-9001-57a6650008d5
2546,d41a2f43-9354-453d-a61d-911f891bf088
2547,d41c1ed0-6cb9-40db-b28b-80a0db7cd9a0
2548,d59468ab-ab63-413e-89ab-3b4a04484921
2549,d5981fbd-a2de-455a-b429-68267523b89c
2550,d5cacf8e-b685-4fea-b1b5-e644c9d070a1
2551,d644fbd8-2bc3-447f-9ca9-817b816c729e
2552,d6f6753e-6c90-4c70-a0cf-a5bbb2d8c51b
2553,d7047c7f-2e1d-4da8-a220-d3dd04fa0921
2554,d7644f11-78ee-4418-8d41-785050d2276f
2555,d7dcfb57-b0cc-42e0-839c-3a4c353303fd
2556,d7eaa92e-cdd5-416d-829c-b3742b54427a
2557,d7ef71eb-dadf-4998-9c2d-a6f83f275529
2558,d8207f00-534c-4d47-bfcb-66c88454a342
2559,d8539706-2fc0-4995-b7de-e854df7b6064
2560,d90ce851-0519-401a-87f6-d462d6dba29c
2561,d9478a34-de92-47e9-b921-acd943c11ab2
2562,da4cf3b0-5976-46e3-8cad-ded8cb251646
2563,db04915b-f223-4b4e-a6a4-4296ebeb28e2
2564,db47165b-ffeb-479d-b3eb-0571c5da41dd
2565,db789b96-d410-4c54-a736-01e628cf5a91
2566,db8fe309-f2e6-467d-9de4-c6e6ea5102c2
2567,dc38ceba-a196-4e04-84d9-003155682d8c
2568,dccc44ca-5053-47f7-a84b-76db44fd4ef6
2569,dd48c6ab-1adf-46c3-8250-d7db2711bacf
2570,dd63c386-9a89-4523-b700-20d6ee95a6c0
2571,dd651874-c548-4206-a2c9-94242150b2f3
2572,dd7dad43-903a-42ff-ba46-3dae78b6909a
2573,dd9a042d-7a76-43bd-b965-59114dc9ef10
2574,de707955-c27c-45b5-920d-81d107a33c91
2575,ded3a436-bb3c-4d2c-801c-60121d70a25d
2576,def23617-a97c-41b7-9cf0-e231879c590f
2577,defaf425-6d09-4449-a095-b35ada50e393
2578,df366221-7b9d-492b-9b3f-342d76073842
2579,df4fc8fc-97a4-4cbe-b099-43a80a13ec33
2580,df927603-1616-4567-9eb5-a93efaa9763a
2581,dfc523a9-7e50-4de4-bb34-514ffc13ea38
2582,e0288d92-a9cf-4ba7-ac45-f835c730f2f6
2583,e035f90a-24b2-41a7-ad88-d7ae3e19dd40
2584,e0390e97-a6ae-4a40-9457-a4fcb3af921e
2585,e0ab6791-c4bd-4617-b956-a1fdcb69bab9
2586,e0e841c2-873b-4a3a-bb0e-e412be9c7658
2587,e14a8433-fc6a-415a-bd8c-dea2b695b95f
2588,e1940481-0320-4c45-a3b5-3b79c02d5492
2589,e1ab7eb9-0e9f-4b40-b2d9-58d63a793aa4
2590,e1bc3bed-afce-4000-ae43-67dc7ccdfa08
2591,e20b3577-81fd-4769-8d46-6ed02727ffa2
2592,e263009e-5e98-48b8-8e4c-b23975d2816a
2593,e275241a-3161-421d-be6b-6734a5ce91e9
2594,e2797df6-9150-4dfe-bf0b-1cd45ec471d1
2595,e2e3c9f4-b8c7-4d5c-946a-9b272c8e0125
2596,e3125de0-d8c4-47fa-afe2-d84cc93723ca
2597,e319ccdb-1aed-4981-8989-876e26134f06
2598,e43efa3d-3b7f-48e7-9274-d6c097e01dc4
2599,e4655977-6078-4c3a-9fc1-abd65a019299
2600,e48b8aa7-1d96-4ea8-8e59-c79797a20487
2601,e4974270-79be-457a-9d99-fd7e25198251
2602,e51d4705-d74c-4ee9-8c62-77e3681faf8c
2603,e54e5158-f5f2-4ff4-893b-35a655f9685a
2604,e583c58f-aed2-415e-8115-52475c1d3f85
2605,e5e11451-a646-43d1-933c-2a580fac41b5
2606,e5eaf7e6-56ba-4d48-8a8f-5a16fdb7eb28
2607,e698d2f8-eb93-42b5-aa1c-2df23bdc3ba8
2608,e7173013-169d-46c3-bb38-ef59ae31cd4f
2609,e7ad1300-0786-424c-90d2-06a9beacfcf2
2610,e7e919e0-1431-4627-976a-fbf8ff551e84
2611,e927123f-ec1b-4a42-8396-b1e028193bc7
2612,e94255b0-8e09-4c6f-9533-59099169ee44
2613,e96e4faa-8029-46d9-9d95-c7c495ccc90d
2614,e97f77e9-8aaf-4c83-b12e-7c52337b88ef
2615,e9810400-9c3f-457d-93c0-23e52657fc79
2616,e98b8d90-6615-4095-b317-ea74230ff2c3
2617,e9c0b463-42d1-4af3-8196-43ada256f449
2618,e9dd1993-e0e4-436b-b749-fdeb056e32b9
2619,ea00f154-d49f-48eb-918c-d44ab150110d
2620,ea04ab79-4802-45d6-9858-90b4059db3bb
2621,ea0db6ce-a6c9-43e4-88a6-8e61e97fe9af
2622,ea1a436f-99d0-4dfe-83c2-92b249259eef
2623,ea6e8b6a-d879-4b2f-83b6-cec5a5a79f12
2624,ea946747-d5c8-4e70-9795-295a8bf5e3d2
2625,eb084a68-87c2-4078-aac6-248386b625eb
2626,eb758e67-52fc-4f7c-a38b-f538204c4fb3
2627,eb8c2c34-e6cd-480d-827a-9779993921ac
2628,ec2cf93a-2830-489e-b9da-6c82cc405cc8
2629,ec4e5297-5c6d-4744-b81a-035b2d2d53e1
2630,ec9b1263-c4cd-4a01-b8e5-57af7cd75054
2631,ece64514-8458-4b62-85bd-a1514d0c6272
2632,ecedd563-c602-40ac-8a50-a02f0e4688e8
2633,ed580b9b-9e86-4bbd-83af-aa86c23538b3
2634,ee86480f-7046-4c90-9c90-9defc1ee5d44
2635,eee2495d-3bf4-4a57-96eb-28ad30724464
2636,ef1f9516-854d-4657-82a9-f79d57bd57d3
2637,efa1149e-c921-4868-ba00-0f77d4f85bc8
2638,f04b1358-4547-4f3c-ab89-b9106833840f
2639,f0526468-7b3c-4aa8-ab03-9fe950347171
2640,f117b5e5-5933-4dca-8439-6504bc38370d
2641,f187ac56-8cb4-471e-8813-fdade4eee59d
2642,f1d27a24-8509-41cc-ae2a-227258d6d060
2643,f1f1e7be-509a-4d78-b68c-cc00a25db50d
2644,f2122438-038a-4d2a-aaf3-f73604821b87
2645,f2248631-5bb2-4f10-b1ee-0ef54c0c3be5
2646,f22bf116-f366-4473-a5da-58f7ff9deaef
2647,f24d804b-b477-4077-bfba-3f79506647f8
2648,f2607bb6-1f8a-4219-9fdc-af961122ab01
2649,f27bb139-49bc-4813-b7d8-af3527dce2b9
2650,f28dd389-b9d0-437d-9e88-e359ccc82015
2651,f2a06ffd-d057-4ba7-b7fb-bea559b3717c
2652,f2a3831a-9dab-4c63-addf-f62ca00b23fe
2653,f2b00256-9b6d-408d-b180-2bdaf563df13
2654,f31d1e2c-cb2e-4b5f-9365-32729990f57a
2655,f385ecbf-7aa0-4a60-afbe-ff6b1506f9b6
2656,f414ffe8-c34e-4ca1-92e4-09d3caffd6e2
2657,f417ff7d-ace1-45b4-aabe-43616bfb6bd9
2658,f5309d01-a700-483b-a19a-4a2ce2762571
2659,f5876cc8-5d54-45d4-95a3-2d4c18302556
2660,f5d03bbc-7daf-4a30-af1e-78e3f01c62c6
2661,f61c3566-17ea-401e-9660-d08e11970e4c
2662,f653eb53-07e6-48c7-9eb4-10c3fb3f54ee
2663,f67a8d2d-0bde-4a3d-be26-823c4bbfccc1
2664,f6854054-5bd0-403e-ac7f-76e851ff8ae2
2665,f6925866-4158-469f-98b3-bc7e270f262a
2666,f6c417fb-8e0a-4c61-a2eb-2e05b1b874a7
2667,f6db4ca6-55e4-48e8-b802-b503e2e68ee4
2668,f6dc05dc-ce9b-4275-888b-7b1c8c82c4eb
2669,f6f0f600-f910-42c0-a01c-e54af2e1b838
2670,f7d74992-3d5f-4165-a290-027677f8cdfa
2671,f826afb3-2c10-451a-9bc9-826414a98f96
2672,f835db5a-3554-420f-8c93-ed47a2bc87df
2673,f836e38e-d68a-4f63-a083-47ea50444341
2674,f86b295b-0dda-4542-8df0-5965380c4ff0
2675,f8775dfe-da17-4120-b8b9-1b6b3b4620af
2676,f8c2d650-bb33-403f-9527-7a5138843a7e
2677,f9db58ef-32e6-4762-8bcf-8c3c0fdaeb74
2678,fa33c865-bd66-4d34-8e14-2fed3b504695
2679,face2bc3-cc45-40fd-aae0-080aadbd0bf5
2680,fb753972-e562-474b-9550-8b85a627b2ad
2681,fbb21e97-88ad-45cd-ae60-56ae65ddf512
2682,fbcfb5b0-c713-44ea-8b06-e6e7e6945b3e
2683,fc315085-6e4e-4bd1-b58a-c9eee4fdb621
2684,fc46d7d0-9919-4d0a-9f17-41f45facdb4b
2685,fc4fae9d-1a41-46a8-9a5e-cb19b6b7f516
2686,fce23840-51c4-4cf2-8060-8f08284102bb
2687,fd529dc3-f50a-4bff-95ed-b0a1ba14ce48
2688,fd8b516b-09e8-4821-9fd9-63d34bc89238
2689,fde061a7-717d-4638-9dc8-0ea6475440d5
2690,fdf96b04-09fd-485c-8a96-bf8807ef75f0
2691,fe5f48ef-66db-4bcf-8c24-dd0dc347586d
2692,fe6bbc4b-0ea6-4060-a449-48c2f07c306c
2693,feaf42ee-c625-490f-849d-4742174d6109
2694,feee3c94-4df5-4938-b801-bbf8357ed7de
